region_name,Yield_2018,Pred_2018
MATAM,0.7513,1.1564348027746782
LOUGA,0.4873,0.7607693071788885
KAFFRINE,1.21,1.1192581790274225
THIES,0.836,0.659861328436338
SEDHIOU,1.2848,0.6412730165627102
DIOURBEL,0.9339,1.238754469643601
ZIGUINCHOR,1.0604,0.9413414796655576
KOLDA,1.1726,1.2599982546420327
FATICK,1.1033,0.8165342427997716
KEDOUGOU,1.8062,0.6253401778138864
TAMBACOUNDA,1.1473,1.3821500183830144
DAKAR,0.6215,0.9917954690368328
KAOLACK,1.1055,0.5642642959433953
