region_name,Yield_2019,Pred_2019
KOLDA,3.1735,1.3243850307715879
FATICK,2.97,0.7309439541688226
KEDOUGOU,6.8255,1.4312794477826576
TAMBACOUNDA,5.335,1.237882591955167
SEDHIOU,5.4934,1.2850653308009439
KAFFRINE,5.8718,0.995550924663903
KAOLACK,3.1801,0.9214177142800454
THIES,2.8105,0.696684184749739
ZIGUINCHOR,1.65,1.086221769253989
DIOURBEL,2.585,0.8907259641585968
LOUGA,0.7865,0.6779984796427142
MATAM,2.1692,0.5965704308788157
