region_name,Yield_2019,Pred_2019
KOLDA,3.1735,1.3184186633877193
FATICK,2.97,0.789979511551732
KEDOUGOU,6.8255,1.3874609646326226
TAMBACOUNDA,5.335,1.1883004802723258
SEDHIOU,5.4934,1.3077967708885039
KAFFRINE,5.8718,0.9493078990399694
KAOLACK,3.1801,0.9413414796655576
THIES,2.8105,0.7209372103068291
ZIGUINCHOR,1.65,1.1750231146483059
DIOURBEL,2.585,0.7793576190525159
LOUGA,0.7865,0.659861328436338
MATAM,2.1692,0.6014409196906508
