region_name,Yield_2018,Pred_2018
MATAM,0.7513,0.7047522511179883
LOUGA,0.4873,0.6121060784270155
KAFFRINE,1.21,0.9435495119668987
THIES,0.836,0.5736603153960621
SEDHIOU,1.2848,1.1987448522873234
DIOURBEL,0.9339,0.7624607751537292
ZIGUINCHOR,1.0604,1.0775158392957498
KOLDA,1.1726,1.2329296485102792
FATICK,1.1033,0.8310428107154794
KEDOUGOU,1.8062,1.3795752672004302
TAMBACOUNDA,1.1473,1.1959612637959993
DAKAR,0.6215,0.6069572106044513
KAOLACK,1.1055,1.037629304635049
